{
  "project_info": {
    "project_number": "1063011057806",
    "project_id": "automacao-98519",
    "storage_bucket": "automacao-98519.appspot.com"
  },
  "client": [
    {
      "client_info": {
        "mobilesdk_app_id": "1:1063011057806:android:a851fd284ba25fd63c89df",
        "android_client_info": {
          "package_name": "br.ufrn.jl.automacao_teste"
        }
      },
      "oauth_client": [
        {
          "client_id": "1063011057806-l09uioo6ksv2gpauu2h7s67ti6unp91u.apps.googleusercontent.com",
          "client_type": 3
        }
      ],
      "api_key": [
        {
          "current_key": "AIzaSyCagQxhVtZ6kdC4PlXNEaV0Xbcw7_bub3k"
        }
      ],
      "services": {
        "appinvite_service": {
          "other_platform_oauth_client": [
            {
              "client_id": "1063011057806-l09uioo6ksv2gpauu2h7s67ti6unp91u.apps.googleusercontent.com",
              "client_type": 3
            }
          ]
        }
      }
    }
  ],
  "configuration_version": "1"
}